id,name,tier,rarity,pointsReward,icon,description,criteria,seasonIds,sortOrder,allowLeaderboardDisplay
"s1_bronze_first_contact","First Contact","bronze","common","100","🎯","Make your first transaction on Peridot (supply, borrow, etc.).","[{""type"":""transactions_at_least"",""count"":1}]","[""s1""]","110","false"
"s1_bronze_dual_state_user","Dual-State User","bronze","uncommon","200","⚖️","Have an active supply and an active borrow position simultaneously for at least 24 hours.","[{""type"":""position_maintained_for_days"",""days"":1,""positionType"":""supply""},{""type"":""position_maintained_for_days"",""days"":1,""positionType"":""borrow""}]","[""s1""]","120","false"
"s1_bronze_polymath","Polymath","bronze","uncommon","300","⚗️","Successfully perform all four core actions at least once: supply, borrow, repay, and withdraw.","[{""type"":""transactions_at_least"",""count"":1,""actionTypes"":[""supply""]},{""type"":""transactions_at_least"",""count"":1,""actionTypes"":[""borrow""]},{""type"":""transactions_at_least"",""count"":1,""actionTypes"":[""repay""]},{""type"":""transactions_at_least"",""count"":1,""actionTypes"":[""redeem""]}]","[""s1""]","130","false"
"s1_bronze_transactionist","Transactionist","bronze","common","400","📈","Complete 5 total transactions.","[{""type"":""transactions_at_least"",""count"":5}]","[""s1""]","140","true"
"bronze_first_watch","First Watch","bronze","common","100","👀","Connect your wallet on 2 separate days.","[{""type"":""total_days_logged_in_at_least"",""days"":2}]","[""s1""]","2","false"
"s1_bronze_three_day_vigil","Three Day Vigil","bronze","uncommon","200","🕒","Maintain any active position (supply or borrow) for 3 consecutive days.","[{""type"":""position_maintained_for_days"",""days"":3,""positionType"":""any""}]","","220","false"
"s1_bronze_week_of_service","Week of Service","bronze","uncommon","300","🛡️","Achieve a 7-day login streak.","[{""type"":""login_streak_at_least"",""days"":7}]","[""s1""]","230","false"
"s1_bronze_stalwart","Stalwart","bronze","rare","400","💪","Maintain a supply position of at least $100 for 10 consecutive days.","[{""type"":""position_maintained_for_days"",""days"":10,""positionType"":""supply"",""minUsdValue"":100}]","[""s1""]","240","false"
"s1_bronze_sentinel","Sentinel","bronze","rare","500","🪖","Maintain any active position for 14 consecutive days.","[{""type"":""position_maintained_for_days"",""days"":14,""positionType"":""any""}]","[""s1""]","250","true"
"s1_bronze_loyal_sentinel","Loyal Sentinel","bronze","superrare","600","🎖️","Achieve a 14-day login streak.","[{""type"":""login_streak_at_least"",""days"":14}]","[""s1""]","260","false"
"s1_bronze_peridot_knight","Peridot Knight","bronze","legendary","1200","🟢","Achieve a 30-day login streak.","[{""type"":""login_streak_at_least"",""days"":30}]","[""s1""]","270","true"
"s1_bronze_gm_peridot","GM, Peridot","bronze","common","200","☀️","Achieve a 32-day login streak.","[{""type"":""login_streak_at_least"",""days"":32}]","[""s1""]","280","false"
"s1_bronze_first_yield","First Yield","bronze","common","100","🌱","Accrue at least $1 in total supply interest.","[{""type"":""usd_volume_at_least"",""amount"":1}]","[""s1""]","310","false"
"s1_bronze_market_participant","Market Participant","bronze","uncommon","200","💰","Reach a cumulative transaction volume of at least $500 (total supplied + borrowed).","[{""type"":""usd_volume_at_least"",""amount"":500}]","[""s1""]","320","false"
"s1_bronze_small_pusher","Small Pusher","bronze","uncommon","300","💼","Reach a cumulative transaction volume of at least $2,000.","[{""type"":""usd_volume_at_least"",""amount"":2000}]","[""s1""]","321","false"
"s1_bronze_stable_ground","Stable Ground","bronze","uncommon","150","🪙","Interact with two different stablecoins through supply or borrow actions (e.g., supply USDC and borrow USDT).","[{""type"":""distinct_assets_interacted_with"",""count"":2,""actionTypes"":[""supply"",""borrow""],""assetCategory"":""stablecoin""}]","[""s1""]","322","false"
"s1_bronze_into_the_blue","Into the Blue","bronze","rare","250","💙","Supply a volatile 'blue-chip' asset (e.g., ETH or WBTC).","[{""type"":""distinct_assets_interacted_with"",""count"":1,""actionTypes"":[""supply""],""assetCategory"":""blue_chip""}]","[""s1""]","323","false"
"s1_bronze_portfolio_explorer","Portfolio Explorer","bronze","rare","350","📊","Have active supply positions in three different assets simultaneously for at least 24 hours.","[{""type"":""multi_position_maintained"",""positionCount"":3,""minUsdValuePerPosition"":0,""days"":1,""positionType"":""supply""}]","[""s1""]","324","false"
"s1_bronze_borrow_first","Borrow First","bronze","common","150","💵","Borrow an asset for at least $10.","[{""type"":""usd_volume_at_least"",""amount"":10,""actionTypes"":[""borrow""]}]","[""s1""]","325","false"
"s1_bronze_borrow_zone","Borrow Zone","bronze","uncommon","250","💸","Borrow an asset for at least $50.","[{""type"":""usd_volume_at_least"",""amount"":50,""actionTypes"":[""borrow""]}]","[""s1""]","326","false"
"s1_bronze_yield_seeker","Yield Seeker","bronze","uncommon","300","📈","Achieve an effective APY of at least 5%.","[{""type"":""effective_apy_at_least"",""value"":5}]","[""s1""]","327","false"
"s1_bronze_earnings_starter","Earnings Starter","bronze","common","200","💵","Accrue at least $100 in total lifetime earnings.","[{""type"":""total_lifetime_earnings_at_least"",""amount"":100}]","[""s1""]","328","false"
"s1_bronze_daily_earner","Daily Earner","bronze","uncommon","250","📅","Achieve a daily average earnings of at least $5.","[{""type"":""daily_average_earnings_at_least"",""amount"":5}]","[""s1""]","329","false"
"s1_bronze_journeyman","Journeyman","bronze","rare","400","🥉","Finish 15 badges from the Bronze tier.","[{""type"":""achievements_completed_at_least"",""count"":15}]","[""s1""]","338","true"
"s1_bronze_master_of_bronze","Master of Bronze","bronze","superrare","800","👑","Finish 20 Badges from the Bronze tier.","[{""type"":""achievements_completed_at_least"",""count"":20,""tier"":""bronze""}]","[""s1""]","328","false"
"s1_first_jump","First Jump","silver","uncommon","400","🌉","Complete your first cross-chain supply or borrow transaction.","[{""type"":""transactions_at_least"",""count"":1,""actionTypes"":[""supply"",""borrow""],""isCrossChain"":true}]","[""s1""]","329","false"
"s1_chain_explorer","Chain Explorer","silver","rare","600","🗺️","Perform at least 10 cross-chain transactions.","[{""type"":""transactions_at_least"",""count"":10,""actionTypes"":[""supply"",""borrow""],""isCrossChain"":true}]","[""s1""]","330","true"
"s1_high_volume_transit","In Transit","silver","superrare","1000","🚀","Achieve a cumulative cross-chain transaction volume of at least $5,000.","[{""type"":""usd_volume_at_least"",""amount"":5000,""isCrossChain"":true}]","[""s1""]","331","true"
"s1_silver_portfolio_explorer","Silver Explorer","silver","rare","1000","📊","Have active supply positions in three different assets simultaneously for at least 24 hours min 100 USD per position.","[{""type"":""multi_position_maintained"",""positionCount"":3,""minUsdValuePerPosition"":100,""days"":1,""positionType"":""supply""}]","[""s1""]","392","false"
"s1_polymath","Early Polymath","silver","uncommon","400","⚗️","Perform a supply, borrow, repay, and redeem action.","[{""type"":""transactions_at_least"",""count"":1,""actionTypes"":[""supply""]},{""type"":""transactions_at_least"",""count"":1,""actionTypes"":[""borrow""]},{""type"":""transactions_at_least"",""count"":1,""actionTypes"":[""repay""]},{""type"":""transactions_at_least"",""count"":1,""actionTypes"":[""redeem""]}]","[""s1""]","332","false"
"s1_polymath_2","Polymath","silver","rare","800","📚","Complete 100 transactions.","[{""type"":""transactions_at_least"",""count"":100}]","[""s1""]","140","true"
"s1_consistent_presence","Presence","silver","uncommon","500","🛡️","Maintain any active position (min. value $250) for 14 consecutive days.","[{""type"":""position_maintained_for_days"",""days"":14,""positionType"":""any"",""minUsdValue"":250}]","[""s1""]","201","true"
"s1_seasoned_veteran","Seasoned Veteran","silver","rare","800","⚪","Connect your wallet on 30 separate days within the current season.","[{""type"":""total_days_logged_in_at_least"",""days"":30}]","[""s1""]","210","false"
"s1_silver_vanguard","Vanguard","silver","superrare","1500","🛡️","Maintain a position for 30 consecutive days (min. value $250), unlocking the 1.3x Continuity Bonus multiplier.","[{""type"":""position_maintained_for_days"",""days"":30,""positionType"":""any"",""minUsdValue"":250}]","[""s1""]","220","true"
"s1_heavy_lifter","Heavy Lifter","silver","uncommon","400","🏋️","Reach a cumulative transaction volume of at least $10,000.","[{""type"":""usd_volume_at_least"",""amount"":10000}]","[""s1""]","300","false"
"s1_decisive_move","Decisive Move","silver","rare","500","🎯","Perform a single supply or borrow transaction of at least $5,000.","[{""type"":""single_transaction_at_least"",""amount"":5000,""actionTypes"":[""supply"",""borrow""]}]","[""s1""]","310","false"
"s1_major_player","Major Player","silver","superrare","800","💸","Reach a cumulative transaction volume of at least $50,000.","[{""type"":""usd_volume_at_least"",""amount"":50000}]","[""s1""]","320","true"
"s1_quick_turnaround","Quick Turnaround","silver","rare","600","💨","Successfully repay a loan (min. $500) within 72 hours of opening it.","[{""type"":""repay_within_time"",""amount"":500,""hours"":72}]","[""s1""]","400","false"
"s1_silver_yield_hunter","Yield Hunter","silver","rare","600","🎯","Achieve an effective APY of at least 10%.","[{""type"":""effective_apy_at_least"",""value"":10}]","[""s1""]","340","false"
"s1_silver_earnings_achiever","Earnings Achiever","silver","uncommon","500","💰","Accrue at least $1,000 in total lifetime earnings.","[{""type"":""total_lifetime_earnings_at_least"",""amount"":1000}]","[""s1""]","341","false"
"s1_silver_consistent_earner","Consistent Earner","silver","rare","700","📊","Achieve a daily average earnings of at least $25.","[{""type"":""daily_average_earnings_at_least"",""amount"":25}]","[""s1""]","342","false"
"s1_silver_axe","Silver Axe","silver","superrare","1000","🪓","Finish at least 35 Badges","[{""type"":""achievements_completed_at_least"",""count"":35}]","[""s1""]","500","false"
"s1_silvers_rayleigh","Silvers Rayleigh","silver","legendary","2000","🥈","Finish all badges from the Silver tier.","[{""type"":""achievements_completed_all"",""achievementIds"":[""s1_first_jump"",""s1_chain_explorer"",""s1_high_volume_transit"",""s1_consistent_presence"",""s1_seasoned_veteran"",""s1_silver_vanguard"",""s1_heavy_lifter"",""s1_decisive_move"",""s1_major_player"",""s1_quick_turnaround""]}]","[""s1""]","510","true"
"s1_100k_volume","100 K","gold","uncommon","1000","💸","Reach a cumulative transaction volume of $100,000.","[{""type"":""usd_volume_at_least"",""amount"":100000}]","[""s1""]","515","false"
"s1_quarter_million_club","Quarter Million Club","gold","rare","2000","💵","Reach a cumulative transaction volume of $250,000.","[{""type"":""usd_volume_at_least"",""amount"":250000}]","[""s1""]","520","false"
"s1_capital_commitment","Capital Commitment","gold","rare","3000","🤝","Maintain a total supply value of at least $10,000 for 14 consecutive days.","[{""type"":""position_maintained_for_days"",""days"":14,""positionType"":""supply"",""minUsdValue"":10000}]","[""s1""]","530","false"
"s1_volumionaire","Volumionaire","gold","superrare","4000","💰","Reach a cumulative transaction volume of $1,000,000.","[{""type"":""usd_volume_at_least"",""amount"":1000000}]","[""s1""]","540","true"
"s1_conduit","Conduit","gold","rare","1500","🔗","Achieve a cumulative cross-chain transaction volume of $100,000.","[{""type"":""usd_volume_at_least"",""amount"":100000,""isCrossChain"":true}]","[""s1""]","550","false"
"s1_tri_force","Tri-Force","gold","superrare","2000","🔱","Maintain active supply positions on at least three different chains simultaneously for 7 consecutive days (min. total value $5,000).","[{""type"":""multi_position_maintained"",""positionCount"":3,""minUsdValuePerPosition"":5000,""days"":7,""positionType"":""supply""}]","[""s1""]","560","false"
"s1_multichain_maestro","Multichain Maestro","gold","superrare","3000"," maestro","Successfully repay a cross-chain loan using a different asset than the one originally borrowed (min. loan value $2,500).","[{""type"":""cross_chain_repay_different_asset"",""minLoanValue"":2500}]","[""s1""]","570","false"
"s1_daily_operator","Daily Operator","gold","rare","1500","📅","Perform at least one on-chain transaction (supply, borrow, etc.) for 14 consecutive days.","[{""type"":""transaction_streak_at_least"",""days"":14}]","[""s1""]","580","false"
"s1_diamond_hands","Diamond Hands","gold","superrare","3000","💎","Maintain any supply position (min. value $2,500) for 30 consecutive days.","[{""type"":""position_maintained_for_days"",""days"":30,""positionType"":""supply"",""minUsdValue"":2500}]","[""s1""]","590","false"
"s1_fixture_of_the_protocol","Fixture of the Protocol","gold","superrare","3000","🟡","Have an active supply or borrow (min. value $2,500) position on 60 separate days within the current season.","[{""type"":""position_maintained_for_days"",""days"":60,""positionType"":""any"",""minUsdValue"":2500}]","[""s1""]","600","false"
"s1_looper","Looper","gold","legendary","5000","🔁","Within a 24-hour period: Supply an asset, borrow a different asset against it, and use the borrowed funds to acquire and supply more of the original asset, increasing your initial supply position by at least $10,000 in the process.","[{""type"":""achievements_completed_at_least"",""count"":10000,""pathId"":""looping_path_placeholder""}]","[""s1""]","610","false"
"s1_gold_yield_master","Yield Master","gold","superrare","2500","⭐","Achieve an effective APY of at least 15%.","[{""type"":""effective_apy_at_least"",""value"":15}]","[""s1""]","615","true"
"s1_gold_earnings_champion","Earnings Champion","gold","rare","2000","🏆","Accrue at least $5,000 in total lifetime earnings.","[{""type"":""total_lifetime_earnings_at_least"",""amount"":10000}]","[""s1""]","616","true"
"s1_gold_professional_earner","Professional Earner","gold","superrare","3000","💼","Achieve a daily average earnings of at least $50.","[{""type"":""daily_average_earnings_at_least"",""amount"":50}]","[""s1""]","617","true"
"s1_golden_vanguard","Golden Vanguard","gold","superrare","3000","🏆","Finish at least 10 badges from the Gold tier.","[{""type"":""achievements_completed_at_least"",""count"":10,""tier"":""gold""}]","[""s1""]","620","true"
"s1_gol_d_kid","Gol D. Kid","gold","legendary","5000","👑","Finish all four paths in the Gold tier.","[{""type"":""achievements_completed_all"",""achievementIds"":[""s1_100k_volume"",""s1_quarter_million_club"",""s1_capital_commitment"",""s1_volumionaire"",""s1_conduit"",""s1_tri_force"",""s1_multichain_maestro"",""s1_daily_operator"",""s1_diamond_hands"",""s1_fixture_of_the_protocol"",""s1_looper""]}]","[""s1""]","630","true"
"s1_five_million_club","Five Million Club","platinum","uncommon","5000","💎","Reach a cumulative transaction volume of $5,000,000.","[{""type"":""usd_volume_at_least"",""amount"":5000000}]","[""s1""]","640","false"
"s1_protocol_pillar","Protocol Pillar","platinum","rare","8000","🏛️","Maintain a total supply value of at least $100,000 for 30 consecutive days.","[{""type"":""position_maintained_for_days"",""days"":30,""positionType"":""supply"",""minUsdValue"":100000}]","[""s1""]","650","true"
"s1_eight_figure_club","Eight Figure Club","platinum","superrare","12000","💰","Reach a cumulative transaction volume of $10,000,000.","[{""type"":""usd_volume_at_least"",""amount"":10000000}]","[""s1""]","660","false"
"s1_omnichain_presence","Omnichain Presence","platinum","rare","8000","🌐","Have active supply positions of at least $300 on both Monad mainnet and BSC mainnet simultaneously for at least 72 hours.","[{""type"":""multi_position_maintained"",""positionCount"":2,""minUsdValuePerPosition"":300,""days"":3,""positionType"":""supply"",""requiredChainIds"":[56,143]}]","[""s1""]","670","false"
"s1_superhighway","Superhighway","platinum","uncommon","6000","🛣️","Achieve a cumulative cross-chain transaction volume of $250,000.","[{""type"":""usd_volume_at_least"",""amount"":250000,""isCrossChain"":true}]","[""s1""]","680","false"
"s1_the_round_trip","Round Tripper","platinum","legendary","12000","🔁","In a single 48-hour period: Supply on Chain A, use that to borrow on Chain B, bridge the borrowed assets to Chain C, and then use assets from Chain C to repay the loan on Chain B.","[{""type"":""complex_transaction_path"",""steps"":[""supply"",""borrow_from_supply"",""bridge_borrowed"",""repay_with_bridged""],""timeframe_hours"":48}]","[""s1""]","690","true"
"s1_active_citizen","Active Citizen","platinum","rare","8000","👨‍💼","Perform at least one on-chain transaction (supply, borrow, etc.) for 30 consecutive days.","[{""type"":""transaction_streak_at_least"",""days"":30}]","[""s1""]","700","false"
"s1_for_the_people","For the People","platinum","superrare","15000","🗣️","Reach a cumulative transaction volume of $10,000,000. (Placeholder, as there's a duplicate description with the same points reward but different name).","[{""type"":""usd_volume_at_least"",""amount"":10000000}]","[""s1""]","710","true"
"s1_platinum_centurion","Platinum Centurion","platinum","superrare","10000","⚔️","Finish at 5 badges from the Platinum tier.","[{""type"":""achievements_completed_at_least"",""count"":5,""tier"":""platinum""}]","[""s1""]","720","true"
"s1_master_of_platinum","Master of Platinum","platinum","legendary","20000","🏆","Finish all three paths in the Platinum tier.","[{""type"":""achievements_completed_all"",""achievementIds"":[""s1_five_million_club"",""s1_protocol_pillar"",""s1_eight_figure_club"",""s1_omnichain_presence"",""s1_superhighway"",""s1_the_round_trip"",""s1_active_citizen"",""s1_for_the_people""]}]","[""s1""]","730","true"
"s1_citadel_of_capital","Citadel of Capital","diamond","rare","15000","🏰","Maintain a total supply value of over $500,000 for 30 consecutive days.","[{""type"":""position_maintained_for_days"",""days"":30,""positionType"":""supply"",""minUsdValue"":500000}]","[""s1""]","740","false"
"s1_twenty_five_million_club","Twenty-Five Million Club","diamond","superrare","30000","💰","Reach a cumulative transaction volume of $25,000,000.","[{""type"":""usd_volume_at_least"",""amount"":25000000}]","[""s1""]","750","true"
"s1_season_of_mastery","A Season of Mastery","diamond","legendary","100000","👑","Achieve all required conditions within the season: complete 'Twenty-Five Million Club', at least one other Diamond sub-tier, maintain an active supply position for all 90 days of the season.","[{""type"":""achievements_completed_all"",""achievementIds"":[""s1_twenty_five_million_club""]},{""type"":""achievements_completed_at_least"",""count"":1,""subTier"":""diamond_sub_tier_placeholder""},{""type"":""position_maintained_for_days"",""days"":90,""positionType"":""supply""}]","[""s1""]","760","true"
"s1_diamond_demigod","Diamond Demi-God","diamond","superrare","25000","🌌","Finish at least two badges from the Diamond tier.","[{""type"":""achievements_completed_at_least"",""count"":2,""tier"":""Diamond""}]","[""s1""]","770","true"
"s1_master_of_diamond","Master of Diamond","diamond","legendary","50000","🌟","Finish all four paths in the Diamond tier.","[{""type"":""achievements_completed_all"",""achievementIds"":[""s1_citadel_of_capital"",""s1_twenty_five_million_club"",""s1_season_of_mastery"",""s1_diamond_demigod""]}]","[""s1""]","780","true"
"test_effective_apy_badge","Yield Master","gold","rare","1000","📈","Achieve an effective APY of 20% or higher on your portfolio.","[{""type"":""effective_apy_at_least"",""value"":20}]","[""s1""]","800","true"
"test_achievements_completed","Achievement Hunter","silver","uncommon","500","🏆","Earn 20 achievements of any tier.","[{""type"":""achievements_completed_at_least"",""count"":20}]","[""s1""]","810","true"
"test_achievements_completed_gold","Gold Collector","gold","rare","750","🥇","Earn 3 gold-tier achievements.","[{""type"":""achievements_completed_at_least"",""count"":3,""tier"":""gold""}]","[""s1""]","815","true"